-- MariaDB dump 10.19  Distrib 10.4.27-MariaDB, for Win64 (AMD64)
--
-- Host: localhost    Database: rental_ps_2505060029
-- ------------------------------------------------------
-- Server version	10.4.27-MariaDB

/*!40101 SET @OLD_CHARACTER_SET_CLIENT=@@CHARACTER_SET_CLIENT */;
/*!40101 SET @OLD_CHARACTER_SET_RESULTS=@@CHARACTER_SET_RESULTS */;
/*!40101 SET @OLD_COLLATION_CONNECTION=@@COLLATION_CONNECTION */;
/*!40101 SET NAMES utf8mb4 */;
/*!40103 SET @OLD_TIME_ZONE=@@TIME_ZONE */;
/*!40103 SET TIME_ZONE='+00:00' */;
/*!40014 SET @OLD_UNIQUE_CHECKS=@@UNIQUE_CHECKS, UNIQUE_CHECKS=0 */;
/*!40014 SET @OLD_FOREIGN_KEY_CHECKS=@@FOREIGN_KEY_CHECKS, FOREIGN_KEY_CHECKS=0 */;
/*!40101 SET @OLD_SQL_MODE=@@SQL_MODE, SQL_MODE='NO_AUTO_VALUE_ON_ZERO' */;
/*!40111 SET @OLD_SQL_NOTES=@@SQL_NOTES, SQL_NOTES=0 */;

--
-- Table structure for table `pelanggan`
--

DROP TABLE IF EXISTS `pelanggan`;
/*!40101 SET @saved_cs_client     = @@character_set_client */;
/*!40101 SET character_set_client = utf8 */;
CREATE TABLE `pelanggan` (
  `id_pelanggan` int(3) NOT NULL,
  `nama` varchar(30) NOT NULL,
  `no_hp` int(13) NOT NULL,
  PRIMARY KEY (`id_pelanggan`)
) ENGINE=InnoDB DEFAULT CHARSET=utf8mb4 COLLATE=utf8mb4_general_ci;
/*!40101 SET character_set_client = @saved_cs_client */;

--
-- Dumping data for table `pelanggan`
--

LOCK TABLES `pelanggan` WRITE;
/*!40000 ALTER TABLE `pelanggan` DISABLE KEYS */;
INSERT INTO `pelanggan` VALUES (1,'anton',2147483647),(2,'andi',2147483647),(3,'abdi',2147483647),(4,'ali',2147483647),(5,'alison',2147483647);
/*!40000 ALTER TABLE `pelanggan` ENABLE KEYS */;
UNLOCK TABLES;

--
-- Table structure for table `ps`
--

DROP TABLE IF EXISTS `ps`;
/*!40101 SET @saved_cs_client     = @@character_set_client */;
/*!40101 SET character_set_client = utf8 */;
CREATE TABLE `ps` (
  `id_ps` int(3) NOT NULL,
  `jenis_ps` varchar(30) NOT NULL,
  `harga` decimal(10,2) NOT NULL,
  PRIMARY KEY (`id_ps`)
) ENGINE=InnoDB DEFAULT CHARSET=utf8mb4 COLLATE=utf8mb4_general_ci;
/*!40101 SET character_set_client = @saved_cs_client */;

--
-- Dumping data for table `ps`
--

LOCK TABLES `ps` WRITE;
/*!40000 ALTER TABLE `ps` DISABLE KEYS */;
INSERT INTO `ps` VALUES (0,'',0.00),(1,'ps2',5000.00),(2,'ps2',5000.00),(3,'ps3',7000.00),(4,'ps4',10000.00),(5,'ps5',12000.00);
/*!40000 ALTER TABLE `ps` ENABLE KEYS */;
UNLOCK TABLES;

--
-- Table structure for table `transaksi`
--

DROP TABLE IF EXISTS `transaksi`;
/*!40101 SET @saved_cs_client     = @@character_set_client */;
/*!40101 SET character_set_client = utf8 */;
CREATE TABLE `transaksi` (
  `id_transaksi` int(3) NOT NULL,
  `id_pelanggan` int(3) NOT NULL,
  `id_ps` int(3) NOT NULL,
  `lama_sewa` int(1) NOT NULL,
  `total_bayar` decimal(10,2) DEFAULT NULL,
  PRIMARY KEY (`id_transaksi`),
  KEY `id_pelanggan` (`id_pelanggan`),
  KEY `id_ps` (`id_ps`),
  CONSTRAINT `transaksi_ibfk_1` FOREIGN KEY (`id_pelanggan`) REFERENCES `pelanggan` (`id_pelanggan`),
  CONSTRAINT `transaksi_ibfk_2` FOREIGN KEY (`id_ps`) REFERENCES `ps` (`id_ps`)
) ENGINE=InnoDB DEFAULT CHARSET=utf8mb4 COLLATE=utf8mb4_general_ci;
/*!40101 SET character_set_client = @saved_cs_client */;

--
-- Dumping data for table `transaksi`
--

LOCK TABLES `transaksi` WRITE;
/*!40000 ALTER TABLE `transaksi` DISABLE KEYS */;
INSERT INTO `transaksi` VALUES (1,1,5,2,24000.00),(2,2,5,2,24000.00),(3,3,1,1,5000.00),(4,4,2,1,5000.00),(5,5,2,1,5000.00);
/*!40000 ALTER TABLE `transaksi` ENABLE KEYS */;
UNLOCK TABLES;
/*!40103 SET TIME_ZONE=@OLD_TIME_ZONE */;

/*!40101 SET SQL_MODE=@OLD_SQL_MODE */;
/*!40014 SET FOREIGN_KEY_CHECKS=@OLD_FOREIGN_KEY_CHECKS */;
/*!40014 SET UNIQUE_CHECKS=@OLD_UNIQUE_CHECKS */;
/*!40101 SET CHARACTER_SET_CLIENT=@OLD_CHARACTER_SET_CLIENT */;
/*!40101 SET CHARACTER_SET_RESULTS=@OLD_CHARACTER_SET_RESULTS */;
/*!40101 SET COLLATION_CONNECTION=@OLD_COLLATION_CONNECTION */;
/*!40111 SET SQL_NOTES=@OLD_SQL_NOTES */;

-- Dump completed on 2026-04-08 11:55:59
